"module name","licenses"
"@ampproject/remapping@2.2.1","Apache-2.0"
"@babel/code-frame@7.10.4","MIT"
"@babel/code-frame@7.22.13","MIT"
"@babel/compat-data@7.22.9","MIT"
"@babel/core@7.22.17","MIT"
"@babel/generator@7.22.15","MIT"
"@babel/helper-annotate-as-pure@7.22.5","MIT"
"@babel/helper-builder-binary-assignment-operator-visitor@7.22.15","MIT"
"@babel/helper-compilation-targets@7.22.15","MIT"
"@babel/helper-create-class-features-plugin@7.22.15","MIT"
"@babel/helper-create-regexp-features-plugin@7.22.9","MIT"
"@babel/helper-define-polyfill-provider@0.4.2","MIT"
"@babel/helper-environment-visitor@7.22.5","MIT"
"@babel/helper-function-name@7.22.5","MIT"
"@babel/helper-hoist-variables@7.22.5","MIT"
"@babel/helper-member-expression-to-functions@7.22.15","MIT"
"@babel/helper-module-imports@7.22.15","MIT"
"@babel/helper-module-transforms@7.22.17","MIT"
"@babel/helper-optimise-call-expression@7.22.5","MIT"
"@babel/helper-plugin-utils@7.22.5","MIT"
"@babel/helper-remap-async-to-generator@7.22.9","MIT"
"@babel/helper-replace-supers@7.22.9","MIT"
"@babel/helper-simple-access@7.22.5","MIT"
"@babel/helper-skip-transparent-expression-wrappers@7.22.5","MIT"
"@babel/helper-split-export-declaration@7.22.6","MIT"
"@babel/helper-string-parser@7.22.5","MIT"
"@babel/helper-validator-identifier@7.22.15","MIT"
"@babel/helper-validator-option@7.22.15","MIT"
"@babel/helper-wrap-function@7.22.10","MIT"
"@babel/helpers@7.22.15","MIT"
"@babel/highlight@7.22.13","MIT"
"@babel/parser@7.22.16","MIT"
"@babel/plugin-bugfix-safari-id-destructuring-collision-in-function-expression@7.22.15","MIT"
"@babel/plugin-bugfix-v8-spread-parameters-in-optional-chaining@7.22.15","MIT"
"@babel/plugin-proposal-async-generator-functions@7.20.7","MIT"
"@babel/plugin-proposal-class-properties@7.18.6","MIT"
"@babel/plugin-proposal-decorators@7.22.15","MIT"
"@babel/plugin-proposal-export-default-from@7.22.5","MIT"
"@babel/plugin-proposal-export-namespace-from@7.18.9","MIT"
"@babel/plugin-proposal-nullish-coalescing-operator@7.18.6","MIT"
"@babel/plugin-proposal-numeric-separator@7.18.6","MIT"
"@babel/plugin-proposal-object-rest-spread@7.20.7","MIT"
"@babel/plugin-proposal-optional-catch-binding@7.18.6","MIT"
"@babel/plugin-proposal-optional-chaining@7.21.0","MIT"
"@babel/plugin-proposal-private-property-in-object@7.21.0-placeholder-for-preset-env.2","MIT"
"@babel/plugin-syntax-async-generators@7.8.4","MIT"
"@babel/plugin-syntax-class-properties@7.12.13","MIT"
"@babel/plugin-syntax-class-static-block@7.14.5","MIT"
"@babel/plugin-syntax-decorators@7.22.10","MIT"
"@babel/plugin-syntax-dynamic-import@7.8.3","MIT"
"@babel/plugin-syntax-export-default-from@7.22.5","MIT"
"@babel/plugin-syntax-export-namespace-from@7.8.3","MIT"
"@babel/plugin-syntax-flow@7.22.5","MIT"
"@babel/plugin-syntax-import-assertions@7.22.5","MIT"
"@babel/plugin-syntax-import-attributes@7.22.5","MIT"
"@babel/plugin-syntax-import-meta@7.10.4","MIT"
"@babel/plugin-syntax-json-strings@7.8.3","MIT"
"@babel/plugin-syntax-jsx@7.22.5","MIT"
"@babel/plugin-syntax-logical-assignment-operators@7.10.4","MIT"
"@babel/plugin-syntax-nullish-coalescing-operator@7.8.3","MIT"
"@babel/plugin-syntax-numeric-separator@7.10.4","MIT"
"@babel/plugin-syntax-object-rest-spread@7.8.3","MIT"
"@babel/plugin-syntax-optional-catch-binding@7.8.3","MIT"
"@babel/plugin-syntax-optional-chaining@7.8.3","MIT"
"@babel/plugin-syntax-private-property-in-object@7.14.5","MIT"
"@babel/plugin-syntax-top-level-await@7.14.5","MIT"
"@babel/plugin-syntax-typescript@7.22.5","MIT"
"@babel/plugin-syntax-unicode-sets-regex@7.18.6","MIT"
"@babel/plugin-transform-arrow-functions@7.22.5","MIT"
"@babel/plugin-transform-async-generator-functions@7.22.15","MIT"
"@babel/plugin-transform-async-to-generator@7.22.5","MIT"
"@babel/plugin-transform-block-scoped-functions@7.22.5","MIT"
"@babel/plugin-transform-block-scoping@7.22.15","MIT"
"@babel/plugin-transform-class-properties@7.22.5","MIT"
"@babel/plugin-transform-class-static-block@7.22.11","MIT"
"@babel/plugin-transform-classes@7.22.15","MIT"
"@babel/plugin-transform-computed-properties@7.22.5","MIT"
"@babel/plugin-transform-destructuring@7.22.15","MIT"
"@babel/plugin-transform-dotall-regex@7.22.5","MIT"
"@babel/plugin-transform-duplicate-keys@7.22.5","MIT"
"@babel/plugin-transform-dynamic-import@7.22.11","MIT"
"@babel/plugin-transform-exponentiation-operator@7.22.5","MIT"
"@babel/plugin-transform-export-namespace-from@7.22.11","MIT"
"@babel/plugin-transform-flow-strip-types@7.22.5","MIT"
"@babel/plugin-transform-for-of@7.22.15","MIT"
"@babel/plugin-transform-function-name@7.22.5","MIT"
"@babel/plugin-transform-json-strings@7.22.11","MIT"
"@babel/plugin-transform-literals@7.22.5","MIT"
"@babel/plugin-transform-logical-assignment-operators@7.22.11","MIT"
"@babel/plugin-transform-member-expression-literals@7.22.5","MIT"
"@babel/plugin-transform-modules-amd@7.22.5","MIT"
"@babel/plugin-transform-modules-commonjs@7.22.15","MIT"
"@babel/plugin-transform-modules-systemjs@7.22.11","MIT"
"@babel/plugin-transform-modules-umd@7.22.5","MIT"
"@babel/plugin-transform-named-capturing-groups-regex@7.22.5","MIT"
"@babel/plugin-transform-new-target@7.22.5","MIT"
"@babel/plugin-transform-nullish-coalescing-operator@7.22.11","MIT"
"@babel/plugin-transform-numeric-separator@7.22.11","MIT"
"@babel/plugin-transform-object-assign@7.22.5","MIT"
"@babel/plugin-transform-object-rest-spread@7.22.15","MIT"
"@babel/plugin-transform-object-super@7.22.5","MIT"
"@babel/plugin-transform-optional-catch-binding@7.22.11","MIT"
"@babel/plugin-transform-optional-chaining@7.22.15","MIT"
"@babel/plugin-transform-parameters@7.22.15","MIT"
"@babel/plugin-transform-private-methods@7.22.5","MIT"
"@babel/plugin-transform-private-property-in-object@7.22.11","MIT"
"@babel/plugin-transform-property-literals@7.22.5","MIT"
"@babel/plugin-transform-react-display-name@7.22.5","MIT"
"@babel/plugin-transform-react-jsx-self@7.22.5","MIT"
"@babel/plugin-transform-react-jsx-source@7.22.5","MIT"
"@babel/plugin-transform-react-jsx@7.22.5","MIT"
"@babel/plugin-transform-regenerator@7.22.10","MIT"
"@babel/plugin-transform-reserved-words@7.22.5","MIT"
"@babel/plugin-transform-runtime@7.22.10","MIT"
"@babel/plugin-transform-shorthand-properties@7.22.5","MIT"
"@babel/plugin-transform-spread@7.22.5","MIT"
"@babel/plugin-transform-sticky-regex@7.22.5","MIT"
"@babel/plugin-transform-template-literals@7.22.5","MIT"
"@babel/plugin-transform-typeof-symbol@7.22.5","MIT"
"@babel/plugin-transform-typescript@7.22.10","MIT"
"@babel/plugin-transform-unicode-escapes@7.22.10","MIT"
"@babel/plugin-transform-unicode-property-regex@7.22.5","MIT"
"@babel/plugin-transform-unicode-regex@7.22.5","MIT"
"@babel/plugin-transform-unicode-sets-regex@7.22.5","MIT"
"@babel/preset-env@7.22.15","MIT"
"@babel/preset-flow@7.22.5","MIT"
"@babel/preset-modules@0.1.6-no-external-plugins","MIT"
"@babel/preset-typescript@7.22.5","MIT"
"@babel/register@7.22.5","MIT"
"@babel/regjsgen@0.8.0","MIT"
"@babel/runtime@7.22.10","MIT"
"@babel/template@7.22.15","MIT"
"@babel/traverse@7.22.17","MIT"
"@babel/types@7.22.17","MIT"
"@egjs/hammerjs@2.0.17","MIT"
"@emotion/hash@0.8.0","MIT"
"@emotion/is-prop-valid@0.8.8","MIT"
"@emotion/memoize@0.7.4","MIT"
"@emotion/stylis@0.8.5","MIT"
"@emotion/unitless@0.7.5","MIT"
"@expo-google-fonts/roboto@0.2.3","MIT"
"@expo-google-fonts/rubik@0.2.3","MIT"
"@expo/bunyan@4.0.0","MIT"
"@expo/cli@0.10.12","MIT"
"@expo/code-signing-certificates@0.0.5","MIT"
"@expo/config-plugins@7.2.5","MIT"
"@expo/config-types@49.0.0","MIT"
"@expo/config@8.1.2","MIT"
"@expo/dev-server@0.5.5","MIT"
"@expo/devcert@1.1.0","MIT"
"@expo/env@0.0.5","MIT"
"@expo/image-utils@0.3.22","MIT"
"@expo/image-utils@0.3.23","MIT"
"@expo/json-file@8.2.37","MIT"
"@expo/metro-config@0.10.7","MIT"
"@expo/osascript@2.0.33","MIT"
"@expo/package-manager@1.1.1","MIT"
"@expo/plist@0.0.20","MIT"
"@expo/prebuild-config@6.2.6","MIT"
"@expo/rudder-sdk-node@1.1.1","MIT"
"@expo/sdk-runtime-versions@1.0.0","MIT"
"@expo/spawn-async@1.5.0","MIT"
"@expo/spawn-async@1.7.2","MIT"
"@expo/vector-icons@13.0.0","MIT"
"@expo/webpack-config@19.0.0","MIT"
"@expo/xcpretty@4.2.2","BSD-3-Clause"
"@gar/promisify@1.1.3","MIT"
"@graphql-typed-document-node/core@3.2.0","MIT"
"@hapi/hoek@9.3.0","BSD-3-Clause"
"@hapi/topo@5.1.0","BSD-3-Clause"
"@jest/create-cache-key-function@29.6.2","MIT"
"@jest/environment@29.6.2","MIT"
"@jest/fake-timers@29.6.2","MIT"
"@jest/schemas@29.6.3","MIT"
"@jest/types@26.6.2","MIT"
"@jest/types@27.5.1","MIT"
"@jest/types@29.6.1","MIT"
"@jest/types@29.6.3","MIT"
"@jridgewell/gen-mapping@0.3.3","MIT"
"@jridgewell/resolve-uri@3.1.1","MIT"
"@jridgewell/set-array@1.1.2","MIT"
"@jridgewell/source-map@0.3.5","MIT"
"@jridgewell/sourcemap-codec@1.4.15","MIT"
"@jridgewell/trace-mapping@0.3.19","MIT"
"@leichtgewicht/ip-codec@2.0.4","MIT"
"@material-ui/core@4.12.4","MIT"
"@material-ui/icons@4.11.3","MIT"
"@material-ui/styles@4.11.5","MIT"
"@material-ui/system@4.12.2","MIT"
"@material-ui/types@5.1.0","MIT"
"@material-ui/utils@4.11.3","MIT"
"@nodelib/fs.scandir@2.1.5","MIT"
"@nodelib/fs.stat@2.0.5","MIT"
"@nodelib/fs.walk@1.2.8","MIT"
"@npmcli/fs@1.1.1","ISC"
"@npmcli/move-file@1.1.2","MIT"
"@ory/client@0.0.1","Unlicense"
"@ory/expo-login-registration-template@0.5.4-alpha.1.pre.5","Apache*"
"@ory/themes@0.0.21","Apache*"
"@react-native-async-storage/async-storage@1.18.2","MIT"
"@react-native-community/async-storage@1.12.1","MIT"
"@react-native-community/cli-clean@11.3.6","MIT"
"@react-native-community/cli-config@11.3.6","MIT"
"@react-native-community/cli-debugger-ui@11.3.6","MIT"
"@react-native-community/cli-doctor@11.3.6","MIT"
"@react-native-community/cli-hermes@11.3.6","MIT"
"@react-native-community/cli-platform-android@11.3.6","MIT"
"@react-native-community/cli-platform-ios@11.3.6","MIT"
"@react-native-community/cli-plugin-metro@11.3.6","MIT"
"@react-native-community/cli-server-api@11.3.6","MIT"
"@react-native-community/cli-tools@11.3.6","MIT"
"@react-native-community/cli-types@11.3.6","MIT"
"@react-native-community/cli@11.3.6","MIT"
"@react-native-community/masked-view@0.1.11","MIT"
"@react-native/assets-registry@0.72.0","MIT"
"@react-native/codegen@0.72.6","MIT"
"@react-native/gradle-plugin@0.72.11","MIT"
"@react-native/js-polyfills@0.72.1","MIT"
"@react-native/normalize-color@2.1.0","MIT"
"@react-native/normalize-colors@0.72.0","MIT"
"@react-native/virtualized-lists@0.72.8","MIT"
"@react-navigation/core@6.4.9","MIT"
"@react-navigation/elements@1.3.18","MIT"
"@react-navigation/native@6.1.7","MIT"
"@react-navigation/routers@6.1.9","MIT"
"@react-navigation/stack@6.3.17","MIT"
"@redtea/format-axios-error@2.1.1","ISC"
"@segment/loosely-validate-event@2.0.0","MIT*"
"@sentry-internal/tracing@7.52.0","MIT"
"@sentry-internal/tracing@7.52.1","MIT"
"@sentry/browser@7.52.0","MIT"
"@sentry/browser@7.52.1","MIT"
"@sentry/cli@2.17.5","BSD-3-Clause"
"@sentry/core@7.52.0","MIT"
"@sentry/core@7.52.1","MIT"
"@sentry/hub@7.52.0","MIT"
"@sentry/integrations@7.52.0","MIT"
"@sentry/integrations@7.52.1","MIT"
"@sentry/react-native@5.5.0","MIT"
"@sentry/react@7.52.0","MIT"
"@sentry/react@7.52.1","MIT"
"@sentry/replay@7.52.0","MIT"
"@sentry/replay@7.52.1","MIT"
"@sentry/types@7.52.0","MIT"
"@sentry/types@7.52.1","MIT"
"@sentry/utils@7.52.0","MIT"
"@sentry/utils@7.52.1","MIT"
"@sideway/address@4.1.4","BSD-3-Clause"
"@sideway/formula@3.0.1","BSD-3-Clause"
"@sideway/pinpoint@2.0.0","BSD-3-Clause"
"@sinclair/typebox@0.27.8","MIT"
"@sinonjs/commons@3.0.0","BSD-3-Clause"
"@sinonjs/fake-timers@10.3.0","BSD-3-Clause"
"@trysound/sax@0.2.0","ISC"
"@types/body-parser@1.19.2","MIT"
"@types/bonjour@3.5.10","MIT"
"@types/connect-history-api-fallback@1.5.1","MIT"
"@types/connect@3.4.36","MIT"
"@types/eslint-scope@3.7.4","MIT"
"@types/eslint@8.44.2","MIT"
"@types/estree@1.0.1","MIT"
"@types/express-serve-static-core@4.17.36","MIT"
"@types/express@4.17.17","MIT"
"@types/glob@7.2.0","MIT"
"@types/hammerjs@2.0.41","MIT"
"@types/hoist-non-react-statics@3.3.1","MIT"
"@types/html-minifier-terser@6.1.0","MIT"
"@types/http-errors@2.0.1","MIT"
"@types/http-proxy@1.17.11","MIT"
"@types/istanbul-lib-coverage@2.0.4","MIT"
"@types/istanbul-lib-report@3.0.0","MIT"
"@types/istanbul-reports@3.0.1","MIT"
"@types/json-schema@7.0.12","MIT"
"@types/mime@1.3.2","MIT"
"@types/minimatch@5.1.2","MIT"
"@types/node@18.17.5","MIT"
"@types/prop-types@15.7.5","MIT"
"@types/qs@6.9.7","MIT"
"@types/range-parser@1.2.4","MIT"
"@types/react-transition-group@4.4.6","MIT"
"@types/react@18.2.14","MIT"
"@types/retry@0.12.0","MIT"
"@types/scheduler@0.16.3","MIT"
"@types/send@0.17.1","MIT"
"@types/serve-index@1.9.1","MIT"
"@types/serve-static@1.15.2","MIT"
"@types/sockjs@0.3.33","MIT"
"@types/stack-utils@2.0.1","MIT"
"@types/styled-components@5.1.9","MIT"
"@types/ws@8.5.5","MIT"
"@types/yargs-parser@21.0.0","MIT"
"@types/yargs@15.0.15","MIT"
"@types/yargs@16.0.5","MIT"
"@types/yargs@17.0.24","MIT"
"@urql/core@2.3.6","MIT"
"@urql/exchange-retry@0.3.0","MIT"
"@webassemblyjs/ast@1.11.6","MIT"
"@webassemblyjs/floating-point-hex-parser@1.11.6","MIT"
"@webassemblyjs/helper-api-error@1.11.6","MIT"
"@webassemblyjs/helper-buffer@1.11.6","MIT"
"@webassemblyjs/helper-numbers@1.11.6","MIT"
"@webassemblyjs/helper-wasm-bytecode@1.11.6","MIT"
"@webassemblyjs/helper-wasm-section@1.11.6","MIT"
"@webassemblyjs/ieee754@1.11.6","MIT"
"@webassemblyjs/leb128@1.11.6","Apache-2.0"
"@webassemblyjs/utf8@1.11.6","MIT"
"@webassemblyjs/wasm-edit@1.11.6","MIT"
"@webassemblyjs/wasm-gen@1.11.6","MIT"
"@webassemblyjs/wasm-opt@1.11.6","MIT"
"@webassemblyjs/wasm-parser@1.11.6","MIT"
"@webassemblyjs/wast-printer@1.11.6","MIT"
"@xmldom/xmldom@0.7.13","MIT"
"@xmldom/xmldom@0.8.10","MIT"
"@xtuc/ieee754@1.2.0","BSD-3-Clause"
"@xtuc/long@4.2.2","Apache-2.0"
"abab@2.0.6","BSD-3-Clause"
"abort-controller@3.0.0","MIT"
"accepts@1.3.8","MIT"
"acorn-import-assertions@1.9.0","MIT"
"acorn@8.10.0","MIT"
"agent-base@6.0.2","MIT"
"aggregate-error@3.1.0","MIT"
"ajv-formats@2.1.1","MIT"
"ajv-keywords@3.5.2","MIT"
"ajv-keywords@5.1.0","MIT"
"ajv@6.12.6","MIT"
"ajv@8.12.0","MIT"
"anser@1.4.10","MIT"
"ansi-escapes@4.3.2","MIT"
"ansi-fragments@0.2.1","MIT"
"ansi-html-community@0.0.8","Apache-2.0"
"ansi-regex@4.1.1","MIT"
"ansi-regex@5.0.1","MIT"
"ansi-styles@3.2.1","MIT"
"ansi-styles@4.3.0","MIT"
"ansi-styles@5.2.0","MIT"
"any-promise@1.3.0","MIT"
"anymatch@3.1.3","ISC"
"appdirsjs@1.2.7","MIT"
"application-config-path@0.1.1","MIT"
"arg@4.1.0","MIT"
"argparse@1.0.10","MIT"
"argparse@2.0.1","Python-2.0"
"array-flatten@1.1.1","MIT"
"array-flatten@2.1.2","MIT"
"array-union@1.0.2","MIT"
"array-union@2.1.0","MIT"
"array-union@3.0.1","MIT"
"array-uniq@1.0.3","MIT"
"asap@2.0.6","MIT"
"ast-types@0.15.2","MIT"
"astral-regex@1.0.0","MIT"
"async-limiter@1.0.1","MIT"
"async@3.2.4","MIT"
"asynckit@0.4.0","MIT"
"at-least-node@1.0.0","ISC"
"axios@0.21.4","MIT"
"babel-core@7.0.0-bridge.0","MIT"
"babel-loader@8.3.0","MIT"
"babel-plugin-module-resolver@5.0.0","MIT"
"babel-plugin-polyfill-corejs2@0.4.5","MIT"
"babel-plugin-polyfill-corejs3@0.8.3","MIT"
"babel-plugin-polyfill-regenerator@0.5.2","MIT"
"babel-plugin-react-native-web@0.18.12","MIT"
"babel-plugin-styled-components@2.1.4","MIT"
"babel-plugin-syntax-trailing-function-commas@7.0.0-beta.0","MIT"
"babel-plugin-transform-flow-enums@0.0.2","MIT"
"babel-preset-expo@9.5.2","MIT"
"babel-preset-fbjs@3.4.0","MIT"
"balanced-match@1.0.2","MIT"
"base64-js@1.5.1","MIT"
"batch@0.6.1","MIT"
"better-opn@3.0.2","MIT"
"big-integer@1.6.51","Unlicense"
"big.js@5.2.2","MIT"
"binary-extensions@2.2.0","MIT"
"bl@4.1.0","MIT"
"blueimp-md5@2.19.0","MIT"
"body-parser@1.20.1","MIT"
"body-parser@1.20.2","MIT"
"bonjour-service@1.1.1","MIT"
"boolbase@1.0.0","ISC"
"bplist-creator@0.1.0","MIT"
"bplist-parser@0.3.1","MIT"
"bplist-parser@0.3.2","MIT"
"brace-expansion@1.1.11","MIT"
"brace-expansion@2.0.1","MIT"
"braces@3.0.2","MIT"
"browserslist@4.21.10","MIT"
"bser@2.1.1","Apache-2.0"
"buffer-alloc-unsafe@1.1.0","MIT"
"buffer-alloc@1.2.0","MIT"
"buffer-fill@1.0.0","MIT"
"buffer-from@1.1.2","MIT"
"buffer@5.7.1","MIT"
"builtins@1.0.3","MIT"
"bytes@3.0.0","MIT"
"bytes@3.1.2","MIT"
"cacache@15.3.0","ISC"
"call-bind@1.0.2","MIT"
"caller-callsite@2.0.0","MIT"
"caller-path@2.0.0","MIT"
"callsites@2.0.0","MIT"
"camel-case@4.1.2","MIT"
"camelcase@5.3.1","MIT"
"camelcase@6.3.0","MIT"
"camelize@1.0.1","MIT"
"caniuse-api@3.0.0","MIT"
"caniuse-lite@1.0.30001520","CC-BY-4.0"
"chalk@2.4.2","MIT"
"chalk@4.1.2","MIT"
"charenc@0.0.2","BSD-3-Clause"
"chokidar@3.5.3","MIT"
"chownr@2.0.0","ISC"
"chrome-trace-event@1.0.3","MIT"
"ci-info@2.0.0","MIT"
"ci-info@3.8.0","MIT"
"clean-css@5.3.2","MIT"
"clean-stack@2.2.0","MIT"
"clean-webpack-plugin@4.0.0","MIT"
"cli-cursor@2.1.0","MIT"
"cli-cursor@3.1.0","MIT"
"cli-spinners@2.9.0","MIT"
"cliui@6.0.0","ISC"
"cliui@8.0.1","ISC"
"clone-deep@4.0.1","MIT"
"clone@1.0.4","MIT"
"clone@2.1.2","MIT"
"clsx@1.2.1","MIT"
"color-convert@1.9.3","MIT"
"color-convert@2.0.1","MIT"
"color-name@1.1.3","MIT"
"color-name@1.1.4","MIT"
"color-string@1.9.1","MIT"
"color@4.2.3","MIT"
"colord@2.9.3","MIT"
"colorette@1.4.0","MIT"
"colorette@2.0.20","MIT"
"colors@1.4.0","MIT"
"combined-stream@1.0.8","MIT"
"command-exists@1.2.9","MIT"
"commander@2.13.0","MIT"
"commander@2.20.0","MIT"
"commander@2.20.3","MIT"
"commander@4.1.1","MIT"
"commander@7.2.0","MIT"
"commander@8.3.0","MIT"
"commander@9.5.0","MIT"
"commondir@1.0.1","MIT"
"compare-urls@2.0.0","MIT"
"compare-versions@3.6.0","MIT"
"component-type@1.2.1","MIT"
"compressible@2.0.18","MIT"
"compression@1.7.4","MIT"
"concat-map@0.0.1","MIT"
"connect-history-api-fallback@2.0.0","MIT"
"connect@3.7.0","MIT"
"content-disposition@0.5.4","MIT"
"content-type@1.0.5","MIT"
"convert-source-map@1.9.0","MIT"
"convert-source-map@2.0.0","MIT"
"cookie-signature@1.0.6","MIT"
"cookie@0.5.0","MIT"
"copy-webpack-plugin@10.2.4","MIT"
"core-js-compat@3.32.0","MIT"
"core-util-is@1.0.3","MIT"
"cosmiconfig@5.2.1","MIT"
"cross-fetch@3.1.8","MIT"
"cross-spawn@6.0.5","MIT"
"cross-spawn@7.0.3","MIT"
"crypt@0.0.2","BSD-3-Clause"
"crypto-random-string@1.0.0","MIT"
"crypto-random-string@2.0.0","MIT"
"css-color-keywords@1.0.0","ISC"
"css-declaration-sorter@6.4.1","ISC"
"css-in-js-utils@3.1.0","MIT"
"css-loader@6.8.1","MIT"
"css-minimizer-webpack-plugin@3.4.1","MIT"
"css-select@4.3.0","BSD-2-Clause"
"css-to-react-native@3.2.0","MIT"
"css-tree@1.1.3","MIT"
"css-vendor@2.0.8","MIT"
"css-what@6.1.0","BSD-2-Clause"
"cssesc@3.0.0","MIT"
"cssnano-preset-default@5.2.14","MIT"
"cssnano-utils@3.1.0","MIT"
"cssnano@5.1.15","MIT"
"csso@4.2.0","MIT"
"csstype@2.6.21","MIT"
"csstype@3.1.2","MIT"
"dag-map@1.0.2","MIT"
"dayjs@1.11.9","MIT"
"debug@2.6.9","MIT"
"debug@3.2.7","MIT"
"debug@4.3.4","MIT"
"decamelize@1.2.0","MIT"
"decode-uri-component@0.2.2","MIT"
"deep-assign@3.0.0","MIT"
"deep-extend@0.6.0","MIT"
"deepmerge@4.3.1","MIT"
"default-gateway@4.2.0","BSD-2-Clause"
"default-gateway@6.0.3","BSD-2-Clause"
"defaults@1.0.4","MIT"
"define-lazy-prop@2.0.0","MIT"
"del@4.1.1","MIT"
"del@6.1.1","MIT"
"delayed-stream@1.0.0","MIT"
"denodeify@1.2.1","MIT"
"depd@1.1.2","MIT"
"depd@2.0.0","MIT"
"deprecated-react-native-prop-types@4.1.0","MIT"
"destroy@1.2.0","MIT"
"detect-libc@1.0.3","Apache-2.0"
"detect-node@2.1.0","MIT"
"dir-glob@3.0.1","MIT"
"dns-equal@1.0.0","MIT"
"dns-packet@5.6.1","MIT"
"dom-converter@0.2.0","MIT"
"dom-helpers@5.2.1","MIT"
"dom-serializer@1.4.1","MIT"
"domelementtype@2.3.0","BSD-2-Clause"
"domhandler@4.3.1","BSD-2-Clause"
"domutils@2.8.0","BSD-2-Clause"
"dot-case@3.0.4","MIT"
"dotenv-expand@10.0.0","BSD-2-Clause"
"dotenv@16.0.3","BSD-2-Clause"
"ee-first@1.1.1","MIT"
"electron-to-chromium@1.4.491","ISC"
"emoji-regex@8.0.0","MIT"
"emojis-list@3.0.0","MIT"
"encodeurl@1.0.2","MIT"
"end-of-stream@1.4.4","MIT"
"enhanced-resolve@5.15.0","MIT"
"entities@2.2.0","BSD-2-Clause"
"env-editor@0.4.2","MIT"
"envinfo@7.10.0","MIT"
"eol@0.9.1","MIT"
"error-ex@1.3.2","MIT"
"error-stack-parser@2.1.4","MIT"
"errorhandler@1.5.1","MIT"
"es-module-lexer@1.3.1","MIT"
"escalade@3.1.1","MIT"
"escape-html@1.0.3","MIT"
"escape-string-regexp@1.0.5","MIT"
"escape-string-regexp@2.0.0","MIT"
"escape-string-regexp@4.0.0","MIT"
"eslint-scope@5.1.1","BSD-2-Clause"
"esprima@4.0.1","BSD-2-Clause"
"esrecurse@4.3.0","BSD-2-Clause"
"estraverse@4.3.0","BSD-2-Clause"
"estraverse@5.3.0","BSD-2-Clause"
"esutils@2.0.3","BSD-2-Clause"
"etag@1.8.1","MIT"
"event-target-shim@5.0.1","MIT"
"eventemitter3@4.0.7","MIT"
"events@3.3.0","MIT"
"exec-async@2.2.0","MIT"
"execa@1.0.0","MIT"
"execa@5.1.1","MIT"
"expo-application@5.3.0","MIT"
"expo-asset@8.10.1","MIT"
"expo-auth-session@5.0.2","MIT"
"expo-constants@14.4.2","MIT"
"expo-crypto@12.4.1","MIT"
"expo-device@5.4.0","MIT"
"expo-eas-client@0.6.0","MIT"
"expo-file-system@15.4.4","MIT"
"expo-font@11.4.0","MIT"
"expo-json-utils@0.7.1","MIT"
"expo-keep-awake@12.3.0","MIT"
"expo-linking@5.0.2","MIT"
"expo-manifests@0.7.1","MIT"
"expo-modules-autolinking@1.5.1","MIT"
"expo-modules-core@1.5.11","MIT"
"expo-pwa@0.0.127","MIT"
"expo-random@13.2.0","MIT"
"expo-secure-store@12.3.1","MIT"
"expo-status-bar@1.6.0","MIT"
"expo-structured-headers@3.3.0","MIT"
"expo-updates-interface@0.10.1","MIT"
"expo-updates@0.18.12","MIT"
"expo-web-browser@12.3.2","MIT"
"expo@49.0.10","MIT"
"express@4.18.2","MIT"
"fast-deep-equal@3.1.3","MIT"
"fast-glob@3.3.1","MIT"
"fast-json-stable-stringify@2.1.0","MIT"
"fast-loops@1.1.3","MIT"
"fast-safe-stringify@2.1.1","MIT"
"fast-xml-parser@4.2.7","MIT"
"fastq@1.15.0","ISC"
"faye-websocket@0.11.4","Apache-2.0"
"fb-watchman@2.0.2","Apache-2.0"
"fbemitter@3.0.0","BSD-3-Clause"
"fbjs-css-vars@1.0.2","MIT"
"fbjs@3.0.5","MIT"
"fecha@4.2.3","MIT"
"fetch-retry@4.1.1","MIT"
"fill-range@7.0.1","MIT"
"filter-obj@1.1.0","MIT"
"finalhandler@1.1.2","MIT"
"finalhandler@1.2.0","MIT"
"find-babel-config@2.0.0","MIT"
"find-cache-dir@2.1.0","MIT"
"find-cache-dir@3.3.2","MIT"
"find-up@3.0.0","MIT"
"find-up@4.1.0","MIT"
"find-up@5.0.0","MIT"
"find-yarn-workspace-root@2.0.0","Apache-2.0"
"flow-enums-runtime@0.0.5","MIT"
"flow-parser@0.206.0","MIT"
"follow-redirects@1.15.2","MIT"
"fontfaceobserver@2.3.0","BSD-2-Clause"
"form-data@3.0.1","MIT"
"forwarded@0.2.0","MIT"
"freeport-async@2.0.0","MIT"
"fresh@0.5.2","MIT"
"fs-extra@8.1.0","MIT"
"fs-extra@9.0.0","MIT"
"fs-extra@9.1.0","MIT"
"fs-minipass@2.1.0","ISC"
"fs-monkey@1.0.4","Unlicense"
"fs.realpath@1.0.0","ISC"
"function-bind@1.1.1","MIT"
"gensync@1.0.0-beta.2","MIT"
"get-caller-file@2.0.5","ISC"
"get-intrinsic@1.2.1","MIT"
"get-port@3.2.0","MIT"
"get-stream@4.1.0","MIT"
"get-stream@6.0.1","MIT"
"getenv@1.0.0","MIT"
"glob-parent@5.1.2","ISC"
"glob-parent@6.0.2","ISC"
"glob-to-regexp@0.4.1","BSD-2-Clause"
"glob@6.0.4","ISC"
"glob@7.1.6","ISC"
"glob@8.1.0","ISC"
"globals@11.12.0","MIT"
"globby@11.1.0","MIT"
"globby@12.2.0","MIT"
"globby@6.1.0","MIT"
"graceful-fs@4.2.11","ISC"
"graphql-tag@2.12.6","MIT"
"graphql@15.8.0","MIT"
"handle-thing@2.0.1","MIT"
"has-flag@3.0.0","MIT"
"has-flag@4.0.0","MIT"
"has-proto@1.0.1","MIT"
"has-symbols@1.0.3","MIT"
"has@1.0.3","MIT"
"he@1.2.0","MIT"
"hermes-estree@0.12.0","MIT"
"hermes-parser@0.12.0","MIT"
"hermes-profile-transformer@0.0.6","MIT"
"hoist-non-react-statics@3.3.2","BSD-3-Clause"
"hosted-git-info@3.0.8","ISC"
"hpack.js@2.1.6","MIT"
"html-entities@2.4.0","MIT"
"html-minifier-terser@6.1.0","MIT"
"html-webpack-plugin@5.5.3","MIT"
"htmlparser2@6.1.0","MIT"
"http-deceiver@1.2.7","MIT"
"http-errors@1.6.3","MIT"
"http-errors@2.0.0","MIT"
"http-parser-js@0.5.8","MIT"
"http-proxy-middleware@2.0.6","MIT"
"http-proxy@1.18.1","MIT"
"https-proxy-agent@5.0.1","MIT"
"human-signals@2.1.0","Apache-2.0"
"hyphenate-style-name@1.0.4","BSD-3-Clause"
"iconv-lite@0.4.24","MIT"
"iconv-lite@0.6.3","MIT"
"icss-utils@5.1.0","ISC"
"ieee754@1.2.1","BSD-3-Clause"
"ignore@5.2.4","MIT"
"image-size@1.0.2","MIT"
"immediate@3.0.6","MIT"
"import-fresh@2.0.0","MIT"
"imurmurhash@0.1.4","MIT"
"indent-string@4.0.0","MIT"
"infer-owner@1.0.4","ISC"
"inflight@1.0.6","ISC"
"inherits@2.0.3","ISC"
"inherits@2.0.4","ISC"
"ini@1.3.8","ISC"
"inline-style-prefixer@6.0.4","MIT"
"internal-ip@4.3.0","MIT"
"invariant@2.2.4","MIT"
"ip-regex@2.1.0","MIT"
"ip@1.1.8","MIT"
"ipaddr.js@1.9.1","MIT"
"ipaddr.js@2.1.0","MIT"
"is-arrayish@0.2.1","MIT"
"is-arrayish@0.3.2","MIT"
"is-binary-path@2.1.0","MIT"
"is-buffer@1.1.6","MIT"
"is-core-module@2.13.0","MIT"
"is-directory@0.3.1","MIT"
"is-docker@2.2.1","MIT"
"is-extglob@1.0.0","MIT"
"is-extglob@2.1.1","MIT"
"is-fullwidth-code-point@2.0.0","MIT"
"is-fullwidth-code-point@3.0.0","MIT"
"is-glob@2.0.1","MIT"
"is-glob@4.0.3","MIT"
"is-in-browser@1.1.3","MIT"
"is-interactive@1.0.0","MIT"
"is-invalid-path@0.1.0","MIT"
"is-number@7.0.0","MIT"
"is-obj@1.0.1","MIT"
"is-path-cwd@2.2.0","MIT"
"is-path-in-cwd@2.1.0","MIT"
"is-path-inside@2.1.0","MIT"
"is-path-inside@3.0.3","MIT"
"is-plain-obj@1.1.0","MIT"
"is-plain-obj@2.1.0","MIT"
"is-plain-obj@3.0.0","MIT"
"is-plain-object@2.0.4","MIT"
"is-stream@1.1.0","MIT"
"is-stream@2.0.1","MIT"
"is-unicode-supported@0.1.0","MIT"
"is-valid-path@0.1.1","MIT"
"is-wsl@1.1.0","MIT"
"is-wsl@2.2.0","MIT"
"isarray@1.0.0","MIT"
"isexe@2.0.0","ISC"
"isobject@3.0.1","MIT"
"jest-environment-node@29.6.2","MIT"
"jest-get-type@29.6.3","MIT"
"jest-message-util@29.6.2","MIT"
"jest-mock@29.6.2","MIT"
"jest-regex-util@27.5.1","MIT"
"jest-util@27.5.1","MIT"
"jest-util@29.6.2","MIT"
"jest-validate@29.7.0","MIT"
"jest-worker@27.5.1","MIT"
"jimp-compact@0.16.1","MIT"
"joi@17.10.1","BSD-3-Clause"
"join-component@1.1.0","MIT"
"js-tokens@4.0.0","MIT"
"js-yaml@3.14.1","MIT"
"js-yaml@4.1.0","MIT"
"jsc-android@250231.0.0","BSD-2-Clause"
"jsc-safe-url@0.2.4","0BSD"
"jscodeshift@0.14.0","MIT"
"jsesc@0.5.0","MIT"
"jsesc@2.5.2","MIT"
"json-parse-better-errors@1.0.2","MIT"
"json-parse-even-better-errors@2.3.1","MIT"
"json-schema-deref-sync@0.13.0","MIT"
"json-schema-traverse@0.4.1","MIT"
"json-schema-traverse@1.0.0","MIT"
"json5@2.2.3","MIT"
"jsonfile@4.0.0","MIT"
"jsonfile@6.1.0","MIT"
"jss-plugin-camel-case@10.10.0","MIT"
"jss-plugin-default-unit@10.10.0","MIT"
"jss-plugin-global@10.10.0","MIT"
"jss-plugin-nested@10.10.0","MIT"
"jss-plugin-props-sort@10.10.0","MIT"
"jss-plugin-rule-value-function@10.10.0","MIT"
"jss-plugin-vendor-prefixer@10.10.0","MIT"
"jss@10.10.0","MIT"
"kind-of@6.0.3","MIT"
"kleur@3.0.3","MIT"
"launch-editor@2.6.0","MIT"
"leven@3.1.0","MIT"
"lie@3.1.1","MIT"
"lightningcss-linux-x64-gnu@1.19.0","MPL-2.0"
"lightningcss-linux-x64-musl@1.19.0","MPL-2.0"
"lightningcss@1.19.0","MPL-2.0"
"lilconfig@2.1.0","MIT"
"lines-and-columns@1.2.4","MIT"
"loader-runner@4.3.0","MIT"
"loader-utils@2.0.4","MIT"
"localforage@1.10.0","Apache-2.0"
"locate-path@3.0.0","MIT"
"locate-path@5.0.0","MIT"
"locate-path@6.0.0","MIT"
"lodash.debounce@4.0.8","MIT"
"lodash.memoize@4.1.2","MIT"
"lodash.throttle@4.1.1","MIT"
"lodash.uniq@4.5.0","MIT"
"lodash@4.17.21","MIT"
"log-symbols@2.2.0","MIT"
"log-symbols@4.1.0","MIT"
"logform@2.2.0","MIT"
"logkitty@0.7.1","MIT"
"loose-envify@1.4.0","MIT"
"lower-case@2.0.2","MIT"
"lru-cache@5.1.1","ISC"
"lru-cache@6.0.0","ISC"
"make-dir@2.1.0","MIT"
"make-dir@3.1.0","MIT"
"makeerror@1.0.12","BSD-3-Clause"
"md5-file@3.2.3","MIT"
"md5@2.2.1","BSD-3-Clause"
"md5@2.3.0","BSD-3-Clause"
"md5hex@1.0.0","MIT"
"mdn-data@2.0.14","CC0-1.0"
"media-typer@0.3.0","MIT"
"memfs@3.5.3","Unlicense"
"memoize-one@5.2.1","MIT"
"memoize-one@6.0.0","MIT"
"memory-cache@0.2.0","BSD-2-Clause"
"merge-descriptors@1.0.1","MIT"
"merge-options@3.0.4","MIT"
"merge-stream@2.0.0","MIT"
"merge2@1.4.1","MIT"
"methods@1.1.2","MIT"
"metro-babel-transformer@0.76.7","MIT"
"metro-cache-key@0.76.7","MIT"
"metro-cache@0.76.7","MIT"
"metro-config@0.76.7","MIT"
"metro-core@0.76.7","MIT"
"metro-file-map@0.76.7","MIT"
"metro-inspector-proxy@0.76.7","MIT"
"metro-minify-terser@0.76.7","MIT"
"metro-minify-uglify@0.76.7","MIT"
"metro-react-native-babel-preset@0.76.7","MIT"
"metro-react-native-babel-preset@0.76.8","MIT"
"metro-react-native-babel-transformer@0.76.7","MIT"
"metro-resolver@0.76.7","MIT"
"metro-runtime@0.76.7","MIT"
"metro-runtime@0.76.8","MIT"
"metro-source-map@0.76.7","MIT"
"metro-source-map@0.76.8","MIT"
"metro-symbolicate@0.76.7","MIT"
"metro-symbolicate@0.76.8","MIT"
"metro-transform-plugins@0.76.7","MIT"
"metro-transform-worker@0.76.7","MIT"
"metro@0.76.7","MIT"
"micromatch@4.0.5","MIT"
"mime-db@1.52.0","MIT"
"mime-types@2.1.35","MIT"
"mime@1.6.0","MIT"
"mime@2.6.0","MIT"
"mimic-fn@1.2.0","MIT"
"mimic-fn@2.1.0","MIT"
"mini-css-extract-plugin@2.7.6","MIT"
"minimalistic-assert@1.0.1","ISC"
"minimatch@3.1.2","ISC"
"minimatch@5.1.6","ISC"
"minimist@1.2.8","MIT"
"minipass-collect@1.0.2","ISC"
"minipass-flush@1.0.5","ISC"
"minipass-pipeline@1.2.4","ISC"
"minipass@3.1.6","ISC"
"minipass@5.0.0","ISC"
"minizlib@2.1.2","MIT"
"mkdirp@0.5.6","MIT"
"mkdirp@1.0.4","MIT"
"ms@2.0.0","MIT"
"ms@2.1.2","MIT"
"ms@2.1.3","MIT"
"multicast-dns@7.2.5","MIT"
"mv@2.1.1","MIT"
"mz@2.7.0","MIT"
"nanoid@3.3.6","MIT"
"ncp@2.0.0","MIT"
"negotiator@0.6.3","MIT"
"neo-async@2.6.2","MIT"
"nested-error-stacks@2.0.1","MIT"
"nice-try@1.0.5","MIT"
"no-case@3.0.4","MIT"
"nocache@3.0.4","MIT"
"node-abort-controller@3.1.1","MIT"
"node-dir@0.1.17","MIT"
"node-fetch@2.6.12","MIT"
"node-forge@1.3.1","(BSD-3-Clause OR GPL-2.0)"
"node-html-parser@5.4.2","MIT"
"node-int64@0.4.0","MIT"
"node-releases@2.0.13","MIT"
"node-stream-zip@1.15.0","MIT"
"normalize-path@3.0.0","MIT"
"normalize-url@2.0.1","MIT"
"normalize-url@6.1.0","MIT"
"normalize.css@8.0.1","MIT"
"npm-package-arg@7.0.0","ISC"
"npm-run-path@2.0.2","MIT"
"npm-run-path@4.0.1","MIT"
"nth-check@2.1.1","BSD-2-Clause"
"nullthrows@1.1.1","MIT"
"ob1@0.76.7","MIT"
"ob1@0.76.8","MIT"
"object-assign@4.1.1","MIT"
"object-inspect@1.12.3","MIT"
"obuf@1.1.2","MIT"
"on-finished@2.3.0","MIT"
"on-finished@2.4.1","MIT"
"on-headers@1.0.2","MIT"
"once@1.4.0","ISC"
"onetime@2.0.1","MIT"
"onetime@5.1.2","MIT"
"open@6.4.0","MIT"
"open@8.4.2","MIT"
"ora@3.4.0","MIT"
"ora@5.4.1","MIT"
"os-homedir@1.0.2","MIT"
"os-tmpdir@1.0.2","MIT"
"osenv@0.1.5","ISC"
"p-finally@1.0.0","MIT"
"p-limit@2.3.0","MIT"
"p-limit@3.1.0","MIT"
"p-locate@3.0.0","MIT"
"p-locate@4.1.0","MIT"
"p-locate@5.0.0","MIT"
"p-map@2.1.0","MIT"
"p-map@4.0.0","MIT"
"p-retry@4.6.2","MIT"
"p-try@2.2.0","MIT"
"param-case@3.0.4","MIT"
"parse-json@4.0.0","MIT"
"parse-png@2.1.0","MIT"
"parseurl@1.3.3","MIT"
"pascal-case@3.1.2","MIT"
"password-prompt@1.1.3","0BSD"
"path-browserify@1.0.1","MIT"
"path-exists@3.0.0","MIT"
"path-exists@4.0.0","MIT"
"path-is-absolute@1.0.1","MIT"
"path-is-inside@1.0.2","(WTFPL OR MIT)"
"path-key@2.0.1","MIT"
"path-key@3.1.1","MIT"
"path-parse@1.0.7","MIT"
"path-to-regexp@0.1.7","MIT"
"path-type@4.0.0","MIT"
"picocolors@1.0.0","ISC"
"picomatch@2.3.1","MIT"
"pify@2.3.0","MIT"
"pify@4.0.1","MIT"
"pinkie-promise@2.0.1","MIT"
"pinkie@2.0.4","MIT"
"pirates@4.0.6","MIT"
"pkg-dir@3.0.0","MIT"
"pkg-dir@4.2.0","MIT"
"pkg-up@3.1.0","MIT"
"plist@3.1.0","MIT"
"pngjs@3.4.0","MIT"
"popper.js@1.16.1-lts","MIT"
"postcss-calc@8.2.4","MIT"
"postcss-colormin@5.3.1","MIT"
"postcss-convert-values@5.1.3","MIT"
"postcss-discard-comments@5.1.2","MIT"
"postcss-discard-duplicates@5.1.0","MIT"
"postcss-discard-empty@5.1.1","MIT"
"postcss-discard-overridden@5.1.0","MIT"
"postcss-merge-longhand@5.1.7","MIT"
"postcss-merge-rules@5.1.4","MIT"
"postcss-minify-font-values@5.1.0","MIT"
"postcss-minify-gradients@5.1.1","MIT"
"postcss-minify-params@5.1.4","MIT"
"postcss-minify-selectors@5.2.1","MIT"
"postcss-modules-extract-imports@3.0.0","ISC"
"postcss-modules-local-by-default@4.0.3","MIT"
"postcss-modules-scope@3.0.0","ISC"
"postcss-modules-values@4.0.0","ISC"
"postcss-normalize-charset@5.1.0","MIT"
"postcss-normalize-display-values@5.1.0","MIT"
"postcss-normalize-positions@5.1.1","MIT"
"postcss-normalize-repeat-style@5.1.1","MIT"
"postcss-normalize-string@5.1.0","MIT"
"postcss-normalize-timing-functions@5.1.0","MIT"
"postcss-normalize-unicode@5.1.1","MIT"
"postcss-normalize-url@5.1.0","MIT"
"postcss-normalize-whitespace@5.1.1","MIT"
"postcss-ordered-values@5.1.3","MIT"
"postcss-reduce-initial@5.1.2","MIT"
"postcss-reduce-transforms@5.1.0","MIT"
"postcss-selector-parser@6.0.13","MIT"
"postcss-svgo@5.1.0","MIT"
"postcss-unique-selectors@5.1.1","MIT"
"postcss-value-parser@4.2.0","MIT"
"postcss@8.4.29","MIT"
"prepend-http@2.0.0","MIT"
"pretty-bytes@5.6.0","MIT"
"pretty-error@4.0.0","MIT"
"pretty-format@26.6.2","MIT"
"pretty-format@29.6.2","MIT"
"pretty-format@29.7.0","MIT"
"process-nextick-args@2.0.1","MIT"
"progress@2.0.3","MIT"
"promise-inflight@1.0.1","ISC"
"promise@7.3.1","MIT"
"promise@8.3.0","MIT"
"prompts@2.4.2","MIT"
"prop-types@15.8.1","MIT"
"proxy-addr@2.0.7","MIT"
"proxy-from-env@1.1.0","MIT"
"pump@3.0.0","MIT"
"punycode@1.3.2","MIT"
"punycode@2.3.0","MIT"
"qrcode-terminal@0.11.0","Apache 2.0"
"qs@6.11.0","BSD-3-Clause"
"query-string@5.1.1","MIT"
"query-string@7.1.3","MIT"
"querystring@0.2.0","MIT"
"querystringify@2.2.0","MIT"
"queue-microtask@1.2.3","MIT"
"queue@6.0.2","MIT"
"randombytes@2.1.0","MIT"
"range-parser@1.2.1","MIT"
"raw-body@2.5.1","MIT"
"raw-body@2.5.2","MIT"
"rc@1.2.8","(BSD-2-Clause OR MIT OR Apache-2.0)"
"react-devtools-core@4.28.0","MIT"
"react-dom@18.2.0","MIT"
"react-freeze@1.0.3","MIT"
"react-is@16.13.1","MIT"
"react-is@17.0.1","MIT"
"react-is@18.2.0","MIT"
"react-native-flash-message@0.4.2","MIT"
"react-native-gesture-handler@2.12.0","MIT"
"react-native-iphone-screen-helper@2.1.1","MIT"
"react-native-reanimated@3.3.0","MIT"
"react-native-safe-area-context@4.6.3","MIT"
"react-native-screens@3.22.0","MIT"
"react-native-url-polyfill@2.0.0","MIT"
"react-native-web@0.19.6","MIT"
"react-native@0.72.4","MIT"
"react-refresh@0.4.3","MIT"
"react-shallow-renderer@16.15.0","MIT"
"react-transition-group@4.4.5","BSD-3-Clause"
"react@18.2.0","MIT"
"readable-stream@2.3.8","MIT"
"readable-stream@3.6.2","MIT"
"readdirp@3.6.0","MIT"
"readline@1.3.0","BSD*"
"recast@0.21.5","MIT"
"regenerate-unicode-properties@10.1.0","MIT"
"regenerate@1.4.2","MIT"
"regenerator-runtime@0.13.11","MIT"
"regenerator-runtime@0.14.0","MIT"
"regenerator-transform@0.15.2","MIT"
"regexpu-core@5.3.2","MIT"
"registry-auth-token@3.3.2","MIT"
"registry-url@3.1.0","MIT"
"regjsparser@0.9.1","BSD-2-Clause"
"relateurl@0.2.7","MIT"
"remove-trailing-slash@0.1.1","MIT"
"renderkid@3.0.0","MIT"
"require-directory@2.1.1","MIT"
"require-from-string@2.0.2","MIT"
"require-main-filename@2.0.0","ISC"
"requireg@0.2.2","MIT"
"requires-port@1.0.0","MIT"
"reselect@4.1.8","MIT"
"resolve-from@3.0.0","MIT"
"resolve-from@5.0.0","MIT"
"resolve@1.22.4","MIT"
"resolve@1.7.1","MIT"
"restore-cursor@2.0.0","MIT"
"restore-cursor@3.1.0","MIT"
"retry@0.13.1","MIT"
"reusify@1.0.4","MIT"
"rimraf@2.4.5","ISC"
"rimraf@2.6.3","ISC"
"rimraf@2.7.1","ISC"
"rimraf@3.0.2","ISC"
"run-parallel@1.2.0","MIT"
"safe-buffer@5.1.2","MIT"
"safe-buffer@5.2.1","MIT"
"safe-json-stringify@1.2.0","MIT"
"safer-buffer@2.1.2","MIT"
"sax@1.2.4","ISC"
"scheduler@0.23.0","MIT"
"scheduler@0.24.0-canary-efb381bbf-20230505","MIT"
"schema-utils@2.7.1","MIT"
"schema-utils@3.3.0","MIT"
"schema-utils@4.2.0","MIT"
"select-hose@2.0.0","MIT"
"selfsigned@2.1.1","MIT"
"semver@5.7.2","ISC"
"semver@6.3.1","ISC"
"semver@7.3.2","ISC"
"semver@7.3.8","ISC"
"semver@7.5.3","ISC"
"semver@7.5.4","ISC"
"send@0.18.0","MIT"
"sentry-expo@7.0.1","MIT"
"serialize-error@2.1.0","MIT"
"serialize-error@6.0.0","MIT"
"serialize-javascript@6.0.1","BSD-3-Clause"
"serve-index@1.9.1","MIT"
"serve-static@1.15.0","MIT"
"set-blocking@2.0.0","ISC"
"setimmediate@1.0.5","MIT"
"setprototypeof@1.1.0","ISC"
"setprototypeof@1.2.0","ISC"
"shallow-clone@3.0.1","MIT"
"shallowequal@1.1.0","MIT"
"shebang-command@1.2.0","MIT"
"shebang-command@2.0.0","MIT"
"shebang-regex@1.0.0","MIT"
"shebang-regex@3.0.0","MIT"
"shell-quote@1.8.1","MIT"
"side-channel@1.0.4","MIT"
"signal-exit@3.0.7","ISC"
"simple-plist@1.3.1","MIT"
"simple-swizzle@0.2.2","MIT"
"sisteransi@1.0.5","MIT"
"slash@3.0.0","MIT"
"slash@4.0.0","MIT"
"slice-ansi@2.1.0","MIT"
"slugify@1.6.6","MIT"
"sockjs@0.3.24","MIT"
"sort-keys@2.0.0","MIT"
"source-list-map@2.0.1","MIT"
"source-map-js@1.0.2","BSD-3-Clause"
"source-map-loader@3.0.2","MIT"
"source-map-support@0.5.21","MIT"
"source-map@0.5.7","BSD-3-Clause"
"source-map@0.6.1","BSD-3-Clause"
"source-map@0.7.4","BSD-3-Clause"
"spdy-transport@3.0.0","MIT"
"spdy@4.0.2","MIT"
"split-on-first@1.1.0","MIT"
"split@1.0.1","MIT"
"sprintf-js@1.0.3","BSD-3-Clause"
"ssri@8.0.1","ISC"
"stable@0.1.8","MIT"
"stack-utils@2.0.6","MIT"
"stackframe@1.3.4","MIT"
"stacktrace-parser@0.1.10","MIT"
"statuses@1.5.0","MIT"
"statuses@2.0.1","MIT"
"stream-buffers@2.2.0","Unlicense"
"strict-uri-encode@1.1.0","MIT"
"strict-uri-encode@2.0.0","MIT"
"string-width@4.2.3","MIT"
"string_decoder@1.1.1","MIT"
"strip-ansi@5.2.0","MIT"
"strip-ansi@6.0.1","MIT"
"strip-eof@1.0.0","MIT"
"strip-final-newline@2.0.0","MIT"
"strip-json-comments@2.0.1","MIT"
"strnum@1.0.5","MIT"
"structured-headers@0.4.1","MIT"
"style-loader@3.3.3","MIT"
"styled-components@5.2.2","MIT"
"stylehacks@5.1.1","MIT"
"styleq@0.1.3","MIT"
"sucrase@3.34.0","MIT"
"sudo-prompt@8.2.5","MIT"
"sudo-prompt@9.1.1","MIT"
"sudo-prompt@9.2.1","MIT"
"supports-color@5.5.0","MIT"
"supports-color@7.2.0","MIT"
"supports-color@8.1.1","MIT"
"supports-hyperlinks@2.3.0","MIT"
"supports-preserve-symlinks-flag@1.0.0","MIT"
"svgo@2.8.0","MIT"
"tapable@2.2.1","MIT"
"tar@6.2.0","ISC"
"temp-dir@1.0.0","MIT"
"temp-dir@2.0.0","MIT"
"temp@0.8.4","MIT"
"tempy@0.3.0","MIT"
"tempy@0.7.1","MIT"
"terminal-link@2.1.1","MIT"
"terser-webpack-plugin@5.3.9","MIT"
"terser@5.19.4","BSD-2-Clause"
"text-table@0.2.0","MIT"
"thenify-all@1.6.0","MIT"
"thenify@3.3.1","MIT"
"throat@5.0.0","MIT"
"through2@2.0.5","MIT"
"through@2.3.8","MIT"
"thunky@1.1.0","MIT"
"tiny-warning@1.0.3","MIT"
"tmp@0.0.33","MIT"
"tmpl@1.0.5","BSD-3-Clause"
"to-fast-properties@2.0.0","MIT"
"to-regex-range@5.0.1","MIT"
"toidentifier@1.0.1","MIT"
"tr46@0.0.3","MIT"
"traverse@0.6.7","MIT"
"triple-beam@1.4.1","MIT"
"ts-interface-checker@0.1.13","Apache-2.0"
"tslib@1.14.1","0BSD"
"tslib@2.6.1","0BSD"
"tslib@2.6.2","0BSD"
"type-detect@4.0.8","MIT"
"type-fest@0.12.0","(MIT OR CC0-1.0)"
"type-fest@0.16.0","(MIT OR CC0-1.0)"
"type-fest@0.21.3","(MIT OR CC0-1.0)"
"type-fest@0.3.1","(MIT OR CC0-1.0)"
"type-fest@0.7.1","(MIT OR CC0-1.0)"
"type-is@1.6.18","MIT"
"ua-parser-js@0.7.35","MIT"
"ua-parser-js@1.0.35","MIT"
"uglify-es@3.3.9","BSD-2-Clause"
"unicode-canonical-property-names-ecmascript@2.0.0","MIT"
"unicode-match-property-ecmascript@2.0.0","MIT"
"unicode-match-property-value-ecmascript@2.1.0","MIT"
"unicode-property-aliases-ecmascript@2.1.0","MIT"
"unique-filename@1.1.1","ISC"
"unique-slug@2.0.2","ISC"
"unique-string@1.0.0","MIT"
"unique-string@2.0.0","MIT"
"universalify@0.1.2","MIT"
"universalify@1.0.0","MIT"
"universalify@2.0.0","MIT"
"unpipe@1.0.0","MIT"
"update-browserslist-db@1.0.11","MIT"
"update-check@1.5.3","MIT"
"uri-js@4.4.1","BSD-2-Clause"
"url-join@4.0.0","MIT"
"url-parse@1.5.10","MIT"
"url@0.11.0","MIT"
"use-latest-callback@0.1.6","MIT"
"use-sync-external-store@1.2.0","MIT"
"util-deprecate@1.0.2","MIT"
"utila@0.4.0","MIT"
"utils-merge@1.0.1","MIT"
"uuid@3.4.0","MIT"
"uuid@7.0.3","MIT"
"uuid@8.3.2","MIT"
"valid-url@1.0.9","MIT*"
"validate-npm-package-name@3.0.0","ISC"
"vary@1.1.2","MIT"
"vlq@1.0.1","MIT"
"walker@1.0.8","Apache-2.0"
"warn-once@0.1.1","MIT"
"watchpack@2.4.0","MIT"
"wbuf@1.7.3","MIT"
"wcwidth@1.0.1","MIT"
"webidl-conversions@3.0.1","BSD-2-Clause"
"webidl-conversions@5.0.0","BSD-2-Clause"
"webpack-dev-middleware@5.3.3","MIT"
"webpack-dev-server@4.15.1","MIT"
"webpack-manifest-plugin@4.1.1","MIT"
"webpack-sources@2.3.1","MIT"
"webpack-sources@3.2.3","MIT"
"webpack@5.88.2","MIT"
"websocket-driver@0.7.4","Apache-2.0"
"websocket-extensions@0.1.4","Apache-2.0"
"whatwg-fetch@3.6.17","MIT"
"whatwg-url-without-unicode@8.0.0-3","MIT"
"whatwg-url@5.0.0","MIT"
"which-module@2.0.1","ISC"
"which@1.3.1","ISC"
"which@2.0.2","ISC"
"wonka@4.0.15","MIT"
"wrap-ansi@6.2.0","MIT"
"wrap-ansi@7.0.0","MIT"
"wrappy@1.0.2","ISC"
"write-file-atomic@2.4.3","ISC"
"ws@6.2.2","MIT"
"ws@7.5.9","MIT"
"ws@8.14.1","MIT"
"xcode@3.0.1","Apache-2.0"
"xml2js@0.6.0","MIT"
"xmlbuilder@11.0.1","MIT"
"xmlbuilder@14.0.0","MIT"
"xmlbuilder@15.1.1","MIT"
"xtend@4.0.2","MIT"
"y18n@4.0.3","ISC"
"y18n@5.0.8","ISC"
"yallist@3.1.1","ISC"
"yallist@4.0.0","ISC"
"yaml@1.10.2","ISC"
"yaml@2.3.2","ISC"
"yargs-parser@18.1.3","ISC"
"yargs-parser@21.1.1","ISC"
"yargs@15.4.1","MIT"
"yargs@17.7.2","MIT"
"yocto-queue@0.1.0","MIT"

